[
  {
    "user_id": "user_001",
    "username": "traveler123",
    "name": "John Smith",
    "email": "john.smith@example.com",
    "phone": "+1-555-123-4567",
    "address": "123 Main St",
    "country": "United States",
    "city": "New York",
    "zipcode": "10001"
  },
  {
    "user_id": "user_002",
    "username": "wanderlust",
    "name": "Emma Johnson",
    "email": "emma.j@example.com",
    "phone": "+1-555-234-5678",
    "address": "456 Oak Ave",
    "country": "United States",
    "city": "Los Angeles",
    "zipcode": "90001"
  },
  {
    "user_id": "user_003",
    "username": "globetrotter",
    "name": "Michael Brown",
    "email": "michael.b@example.com",
    "phone": "+1-555-345-6789",
    "address": "789 Pine St",
    "country": "United States",
    "city": "Chicago",
    "zipcode": "60601"
  },
  {
    "user_id": "user_004",
    "username": "adventure_seeker",
    "name": "Sophia Garcia",
    "email": "sophia.g@example.com",
    "phone": "+1-555-456-7890",
    "address": "101 Maple Dr",
    "country": "United States",
    "city": "Miami",
    "zipcode": "33101"
  },
  {
    "user_id": "user_005",
    "username": "cityhopper",
    "name": "William Taylor",
    "email": "william.t@example.com",
    "phone": "+44-555-567-8901",
    "address": "10 Oxford St",
    "country": "United Kingdom",
    "city": "London",
    "zipcode": "SW1A 1AA"
  },
  {
    "user_id": "user_006",
    "username": "beachbum",
    "name": "Olivia Martinez",
    "email": "olivia.m@example.com",
    "phone": "+1-555-678-9012",
    "address": "222 Beach Blvd",
    "country": "United States",
    "city": "San Diego",
    "zipcode": "92101"
  },
  {
    "user_id": "user_007",
    "username": "mountain_lover",
    "name": "James Wilson",
    "email": "james.w@example.com",
    "phone": "+1-555-789-0123",
    "address": "333 Alpine Way",
    "country": "Canada",
    "city": "Vancouver",
    "zipcode": "V6B 1A1"
  },
  {
    "user_id": "user_008",
    "username": "luxe_traveler",
    "name": "Ava Anderson",
    "email": "ava.a@example.com",
    "phone": "+1-555-890-1234",
    "address": "444 Luxury Lane",
    "country": "United States",
    "city": "Beverly Hills",
    "zipcode": "90210"
  },
  {
    "user_id": "user_009",
    "username": "budget_explorer",
    "name": "Benjamin Thomas",
    "email": "ben.t@example.com",
    "phone": "+61-555-901-2345",
    "address": "55 Backpacker St",
    "country": "Australia",
    "city": "Sydney",
    "zipcode": "2000"
  },
  {
    "user_id": "user_010",
    "username": "history_buff",
    "name": "Isabella Clark",
    "email": "isabella.c@example.com",
    "phone": "+33-555-012-3456",
    "address": "66 Museum Ave",
    "country": "France",
    "city": "Paris",
    "zipcode": "75001"
  },
  {
    "user_id": "user_011",
    "username": "foodie_traveler",
    "name": "Ethan Rodriguez",
    "email": "ethan.r@example.com",
    "phone": "+39-555-123-4567",
    "address": "77 Culinary Blvd",
    "country": "Italy",
    "city": "Rome",
    "zipcode": "00100"
  },
  {
    "user_id": "user_012",
    "username": "night_owl",
    "name": "Mia Lewis",
    "email": "mia.l@example.com",
    "phone": "+34-555-234-5678",
    "address": "88 Nightlife St",
    "country": "Spain",
    "city": "Barcelona",
    "zipcode": "08001"
  },
  {
    "user_id": "user_013",
    "username": "early_bird",
    "name": "Alexander Lee",
    "email": "alex.l@example.com",
    "phone": "+81-555-345-6789",
    "address": "99 Sunrise Rd",
    "country": "Japan",
    "city": "Tokyo",
    "zipcode": "100-0001"
  },
  {
    "user_id": "user_014",
    "username": "business_traveler",
    "name": "Charlotte Walker",
    "email": "charlotte.w@example.com",
    "phone": "+49-555-456-7890",
    "address": "111 Corporate Plaza",
    "country": "Germany",
    "city": "Berlin",
    "zipcode": "10115"
  },
  {
    "user_id": "user_015",
    "username": "family_vacationer",
    "name": "Daniel Hall",
    "email": "daniel.h@example.com",
    "phone": "+1-555-567-8901",
    "address": "222 Family Circle",
    "country": "United States",
    "city": "Orlando",
    "zipcode": "32801"
  },
  {
    "user_id": "user_016",
    "username": "solo_adventurer",
    "name": "Amelia Young",
    "email": "amelia.y@example.com",
    "phone": "+66-555-678-9012",
    "address": "333 Independent Way",
    "country": "Thailand",
    "city": "Bangkok",
    "zipcode": "10110"
  },
  {
    "user_id": "user_017",
    "username": "weekend_getaway",
    "name": "Henry King",
    "email": "henry.k@example.com",
    "phone": "+1-555-789-0123",
    "address": "444 Weekend Dr",
    "country": "United States",
    "city": "Boston",
    "zipcode": "02108"
  },
  {
    "user_id": "user_018",
    "username": "luxury_seeker",
    "name": "Victoria Wright",
    "email": "victoria.w@example.com",
    "phone": "+971-555-890-1234",
    "address": "555 Luxury Ave",
    "country": "United Arab Emirates",
    "city": "Dubai",
    "zipcode": "00000"
  },
  {
    "user_id": "user_019",
    "username": "nature_explorer",
    "name": "Joseph Scott",
    "email": "joseph.s@example.com",
    "phone": "+64-555-901-2345",
    "address": "666 Wilderness Way",
    "country": "New Zealand",
    "city": "Auckland",
    "zipcode": "1010"
  },
  {
    "user_id": "user_020",
    "username": "urban_traveler",
    "name": "Elizabeth Green",
    "email": "elizabeth.g@example.com",
    "phone": "+1-555-012-3456",
    "address": "777 City Center",
    "country": "United States",
    "city": "San Francisco",
    "zipcode": "94102"
  },
  {
    "user_id": "user_021",
    "username": "culture_seeker",
    "name": "David Adams",
    "email": "david.a@example.com",
    "phone": "+86-555-123-4567",
    "address": "888 Cultural St",
    "country": "China",
    "city": "Beijing",
    "zipcode": "100000"
  },
  {
    "user_id": "user_022",
    "username": "relaxation_lover",
    "name": "Sofia Baker",
    "email": "sofia.b@example.com",
    "phone": "+52-555-234-5678",
    "address": "999 Relaxation Rd",
    "country": "Mexico",
    "city": "Cancun",
    "zipcode": "77500"
  },
  {
    "user_id": "user_023",
    "username": "adventure_junkie",
    "name": "Matthew Nelson",
    "email": "matthew.n@example.com",
    "phone": "+27-555-345-6789",
    "address": "123 Adventure Ave",
    "country": "South Africa",
    "city": "Cape Town",
    "zipcode": "8001"
  },
  {
    "user_id": "user_024",
    "username": "romantic_getaway",
    "name": "Chloe Carter",
    "email": "chloe.c@example.com",
    "phone": "+33-555-456-7890",
    "address": "234 Romance Way",
    "country": "France",
    "city": "Paris",
    "zipcode": "75002"
  },
  {
    "user_id": "user_025",
    "username": "business_class",
    "name": "Andrew Mitchell",
    "email": "andrew.m@example.com",
    "phone": "+65-555-567-8901",
    "address": "345 Business Park",
    "country": "Singapore",
    "city": "Singapore",
    "zipcode": "018956"
  },
  {
    "user_id": "user_026",
    "username": "backpacker",
    "name": "Zoe Perez",
    "email": "zoe.p@example.com",
    "phone": "+31-555-678-9012",
    "address": "456 Hostel St",
    "country": "Netherlands",
    "city": "Amsterdam",
    "zipcode": "1012"
  },
  {
    "user_id": "user_027",
    "username": "resort_lover",
    "name": "Christopher Roberts",
    "email": "chris.r@example.com",
    "phone": "+1-555-789-0123",
    "address": "567 Resort Blvd",
    "country": "United States",
    "city": "Honolulu",
    "zipcode": "96815"
  },
  {
    "user_id": "user_028",
    "username": "ski_enthusiast",
    "name": "Lily Turner",
    "email": "lily.t@example.com",
    "phone": "+41-555-890-1234",
    "address": "678 Ski Lodge Rd",
    "country": "Switzerland",
    "city": "Zurich",
    "zipcode": "8001"
  },
  {
    "user_id": "user_029",
    "username": "beach_lover",
    "name": "Ryan Phillips",
    "email": "ryan.p@example.com",
    "phone": "+55-555-901-2345",
    "address": "789 Beach Way",
    "country": "Brazil",
    "city": "Rio de Janeiro",
    "zipcode": "20000-000"
  },
  {
    "user_id": "user_030",
    "username": "art_admirer",
    "name": "Grace Campbell",
    "email": "grace.c@example.com",
    "phone": "+43-555-012-3456",
    "address": "890 Gallery St",
    "country": "Austria",
    "city": "Vienna",
    "zipcode": "1010"
  },
  {
    "user_id": "user_031",
    "username": "cruise_fan",
    "name": "Samuel Parker",
    "email": "samuel.p@example.com",
    "phone": "+1-555-123-4567",
    "address": "901 Harbor Dr",
    "country": "United States",
    "city": "Miami",
    "zipcode": "33132"
  },
  {
    "user_id": "user_032",
    "username": "road_tripper",
    "name": "Natalie Evans",
    "email": "natalie.e@example.com",
    "phone": "+61-555-234-5678",
    "address": "012 Highway Rd",
    "country": "Australia",
    "city": "Melbourne",
    "zipcode": "3000"
  },
  {
    "user_id": "user_033",
    "username": "spa_seeker",
    "name": "Thomas Edwards",
    "email": "thomas.e@example.com",
    "phone": "+36-555-345-6789",
    "address": "123 Wellness Way",
    "country": "Hungary",
    "city": "Budapest",
    "zipcode": "1011"
  },
  {
    "user_id": "user_034",
    "username": "photo_traveler",
    "name": "Hannah Collins",
    "email": "hannah.c@example.com",
    "phone": "+354-555-456-7890",
    "address": "234 Scenic View",
    "country": "Iceland",
    "city": "Reykjavik",
    "zipcode": "101"
  },
  {
    "user_id": "user_035",
    "username": "food_tourist",
    "name": "Jack Stewart",
    "email": "jack.s@example.com",
    "phone": "+39-555-567-8901",
    "address": "345 Culinary St",
    "country": "Italy",
    "city": "Florence",
    "zipcode": "50122"
  },
  {
    "user_id": "user_036",
    "username": "architecture_fan",
    "name": "Audrey Morris",
    "email": "audrey.m@example.com",
    "phone": "+34-555-678-9012",
    "address": "456 Architecture Ave",
    "country": "Spain",
    "city": "Barcelona",
    "zipcode": "08002"
  },
  {
    "user_id": "user_037",
    "username": "wildlife_watcher",
    "name": "Charles Rogers",
    "email": "charles.r@example.com",
    "phone": "+254-555-789-0123",
    "address": "567 Safari Rd",
    "country": "Kenya",
    "city": "Nairobi",
    "zipcode": "00100"
  },
  {
    "user_id": "user_038",
    "username": "digital_nomad",
    "name": "Scarlett Reed",
    "email": "scarlett.r@example.com",
    "phone": "+66-555-890-1234",
    "address": "678 Remote Work St",
    "country": "Thailand",
    "city": "Chiang Mai",
    "zipcode": "50000"
  },
  {
    "user_id": "user_039",
    "username": "heritage_explorer",
    "name": "Leo Cook",
    "email": "leo.c@example.com",
    "phone": "+20-555-901-2345",
    "address": "789 Heritage Rd",
    "country": "Egypt",
    "city": "Cairo",
    "zipcode": "11511"
  },
  {
    "user_id": "user_040",
    "username": "island_hopper",
    "name": "Stella Morgan",
    "email": "stella.m@example.com",
    "phone": "+30-555-012-3456",
    "address": "890 Island Way",
    "country": "Greece",
    "city": "Athens",
    "zipcode": "10431"
  },
  {
    "user_id": "user_041",
    "username": "eco_tourist",
    "name": "Lucas Peterson",
    "email": "lucas.p@example.com", 
    "phone": "+506-555-123-4567",
    "address": "123 Green Path",
    "country": "Costa Rica",
    "city": "San Jose",
    "zipcode": "10101"
  },
  {
    "user_id": "user_042",
    "username": "snow_lover",
    "name": "Maya Larsson",
    "email": "maya.l@example.com",
    "phone": "+47-555-234-5678",
    "address": "234 Snow Lane",
    "country": "Norway",
    "city": "Oslo",
    "zipcode": "0010"
  },
  {
    "user_id": "user_043",
    "username": "desert_explorer",
    "name": "Omar Hassan",
    "email": "omar.h@example.com",
    "phone": "+212-555-345-6789",
    "address": "345 Desert Road",
    "country": "Morocco",
    "city": "Marrakech",
    "zipcode": "40000"
  },
  {
    "user_id": "user_044",
    "username": "temple_seeker",
    "name": "Arun Patel",
    "email": "arun.p@example.com",
    "phone": "+91-555-456-7890",
    "address": "456 Temple Street",
    "country": "India",
    "city": "New Delhi",
    "zipcode": "110001"
  },
  {
    "user_id": "user_045",
    "username": "wine_tourist",
    "name": "Claire Dubois",
    "email": "claire.d@example.com",
    "phone": "+33-555-567-8901",
    "address": "567 Vineyard Ave",
    "country": "France",
    "city": "Bordeaux",
    "zipcode": "33000"
  },
  {
    "user_id": "user_046",
    "username": "festival_goer",
    "name": "Marcus Schmidt",
    "email": "marcus.s@example.com",
    "phone": "+49-555-678-9012",
    "address": "678 Festival Square",
    "country": "Germany",
    "city": "Munich",
    "zipcode": "80331"
  },
  {
    "user_id": "user_047",
    "username": "volcano_hiker",
    "name": "Elena Santos",
    "email": "elena.s@example.com",
    "phone": "+63-555-789-0123",
    "address": "789 Volcano View",
    "country": "Philippines",
    "city": "Manila",
    "zipcode": "1000"
  },
  {
    "user_id": "user_048",
    "username": "market_explorer",
    "name": "Fatima Al-Said",
    "email": "fatima.a@example.com",
    "phone": "+90-555-890-1234",
    "address": "890 Bazaar Street",
    "country": "Turkey",
    "city": "Istanbul",
    "zipcode": "34010"
  },
  {
    "user_id": "user_049",
    "username": "castle_visitor",
    "name": "Pavel Novak",
    "email": "pavel.n@example.com",
    "phone": "+420-555-901-2345",
    "address": "901 Castle Road",
    "country": "Czech Republic",
    "city": "Prague",
    "zipcode": "11000"
  },
  {
    "user_id": "user_050",
    "username": "fjord_explorer",
    "name": "Erik Anderson",
    "email": "erik.a@example.com",
    "phone": "+47-555-012-3456",
    "address": "012 Fjord View",
    "country": "Norway",
    "city": "Bergen",
    "zipcode": "5003"
  },
  {
    "user_id": "user_051",
    "username": "tango_dancer",
    "name": "Isabella Romero",
    "email": "isabella.r@example.com",
    "phone": "+54-555-123-4567",
    "address": "123 Tango Street",
    "country": "Argentina",
    "city": "Buenos Aires",
    "zipcode": "C1001"
  },
  {
    "user_id": "user_052",
    "username": "temple_tourist",
    "name": "Sato Tanaka",
    "email": "sato.t@example.com",
    "phone": "+81-555-234-5678",
    "address": "234 Temple Path",
    "country": "Japan",
    "city": "Kyoto",
    "zipcode": "604-8570"
  },
  {
    "user_id": "user_053",
    "username": "northern_lights",
    "name": "Anna Virtanen",
    "email": "anna.v@example.com",
    "phone": "+358-555-345-6789",
    "address": "345 Aurora Road",
    "country": "Finland",
    "city": "Helsinki",
    "zipcode": "00100"
  },
  {
    "user_id": "user_054",
    "username": "reef_diver",
    "name": "James Wilson",
    "email": "james.w2@example.com",
    "phone": "+61-555-456-7890",
    "address": "456 Coral Way",
    "country": "Australia",
    "city": "Cairns",
    "zipcode": "4870"
  },
  {
    "user_id": "user_055",
    "username": "canal_cruiser",
    "name": "Sophie de Vries",
    "email": "sophie.d@example.com",
    "phone": "+31-555-567-8901",
    "address": "567 Canal Street",
    "country": "Netherlands",
    "city": "Amsterdam",
    "zipcode": "1012"
  },
  {
    "user_id": "user_056",
    "username": "safari_enthusiast",
    "name": "Daniel Kimani",
    "email": "daniel.k@example.com",
    "phone": "+255-555-678-9012",
    "address": "678 Safari Drive",
    "country": "Tanzania",
    "city": "Arusha",
    "zipcode": "23000"
  },
  {
    "user_id": "user_057",
    "username": "meditation_seeker",
    "name": "Sarah Chen",
    "email": "sarah.c@example.com",
    "phone": "+94-555-789-0123",
    "address": "789 Zen Garden",
    "country": "Sri Lanka",
    "city": "Colombo",
    "zipcode": "00100"
  },
  {
    "user_id": "user_058",
    "username": "carnival_lover",
    "name": "Rafael Silva",
    "email": "rafael.s@example.com",
    "phone": "+55-555-890-1234",
    "address": "890 Carnival Ave",
    "country": "Brazil",
    "city": "Salvador",
    "zipcode": "40000-000"
  },
  {
    "user_id": "user_059",
    "username": "glacier_hiker",
    "name": "Maria Gonzalez",
    "email": "maria.g@example.com",
    "phone": "+56-555-901-2345",
    "address": "901 Glacier Road",
    "country": "Chile",
    "city": "Punta Arenas",
    "zipcode": "6200000"
  },
  {
    "user_id": "user_060",
    "username": "ancient_explorer",
    "name": "Nikos Papadopoulos",
    "email": "nikos.p@example.com",
    "phone": "+30-555-012-3456",
    "address": "012 Ancient Path",
    "country": "Greece",
    "city": "Athens",
    "zipcode": "10558"
  },
  {
    "user_id": "user_061",
    "username": "river_cruiser",
    "name": "Viktor Popov",
    "email": "viktor.p@example.com",
    "phone": "+7-555-123-4567",
    "address": "123 River View",
    "country": "Russia",
    "city": "Moscow",
    "zipcode": "101000"
  },
  {
    "user_id": "user_062",
    "username": "peak_climber",
    "name": "Raj Sharma",
    "email": "raj.s@example.com",
    "phone": "+977-555-234-5678",
    "address": "234 Mountain Path",
    "country": "Nepal",
    "city": "Kathmandu",
    "zipcode": "44600"
  },
  {
    "user_id": "user_063",
    "username": "tulip_tourist",
    "name": "Lisa Jansen",
    "email": "lisa.j@example.com",
    "phone": "+31-555-345-6789",
    "address": "345 Tulip Field",
    "country": "Netherlands",
    "city": "Amsterdam",
    "zipcode": "1019"
  },
  {
    "user_id": "user_064",
    "username": "outback_explorer",
    "name": "Bruce Thompson",
    "email": "bruce.t@example.com",
    "phone": "+61-555-456-7890",
    "address": "456 Outback Road",
    "country": "Australia",
    "city": "Alice Springs",
    "zipcode": "0870"
  },
  {
    "user_id": "user_065",
    "username": "castle_hunter",
    "name": "Liam O'Connor",
    "email": "liam.o@example.com",
    "phone": "+353-555-567-8901",
    "address": "567 Castle View",
    "country": "Ireland",
    "city": "Dublin",
    "zipcode": "D01"
  },
  {
    "user_id": "user_066",
    "username": "rainforest_trekker",
    "name": "Carmen Rodriguez",
    "email": "carmen.r@example.com",
    "phone": "+51-555-678-9012",
    "address": "678 Jungle Path",
    "country": "Peru",
    "city": "Lima",
    "zipcode": "15001"
  },
  {
    "user_id": "user_067",
    "username": "desert_camper",
    "name": "Ahmed Al-Sayed",
    "email": "ahmed.a@example.com",
    "phone": "+971-555-789-0123",
    "address": "789 Desert Camp",
    "country": "United Arab Emirates",
    "city": "Abu Dhabi",
    "zipcode": "00000"
  },
  {
    "user_id": "user_068",
    "username": "fjord_kayaker",
    "name": "Ingrid Hansen",
    "email": "ingrid.h@example.com",
    "phone": "+47-555-890-1234",
    "address": "890 Fjord Edge",
    "country": "Norway",
    "city": "Tromsø",
    "zipcode": "9008"
  },
  {
    "user_id": "user_069",
    "username": "wine_connoisseur",
    "name": "Antonio Rossi",
    "email": "antonio.r@example.com",
    "phone": "+39-555-901-2345",
    "address": "901 Wine Valley",
    "country": "Italy",
    "city": "Tuscany",
    "zipcode": "53011"
  },
  {
    "user_id": "user_070",
    "username": "temple_pilgrim",
    "name": "Priya Patel",
    "email": "priya.p@example.com",
    "phone": "+91-555-012-3456",
    "address": "012 Temple Road",
    "country": "India",
    "city": "Varanasi",
    "zipcode": "221001"
  },
  {
    "user_id": "user_071",
    "username": "island_explorer",
    "name": "Marco Santos",
    "email": "marco.s@example.com",
    "phone": "+351-555-123-4567",
    "address": "123 Island View",
    "country": "Portugal",
    "city": "Madeira",
    "zipcode": "9000"
  },
  {
    "user_id": "user_072",
    "username": "volcano_tourist",
    "name": "Kenji Yamamoto",
    "email": "kenji.y@example.com",
    "phone": "+81-555-234-5678",
    "address": "234 Volcano Road",
    "country": "Japan",
    "city": "Kagoshima",
    "zipcode": "890-0063"
  },
  {
    "user_id": "user_073",
    "username": "palace_visitor",
    "name": "Min-ji Kim",
    "email": "minji.k@example.com",
    "phone": "+82-555-345-6789",
    "address": "345 Palace Way",
    "country": "South Korea",
    "city": "Seoul",
    "zipcode": "03172"
  },
  {
    "user_id": "user_074",
    "username": "reef_explorer",
    "name": "Lucy Williams",
    "email": "lucy.w@example.com",
    "phone": "+679-555-456-7890",
    "address": "456 Coral Bay",
    "country": "Fiji",
    "city": "Nadi",
    "zipcode": "0000"
  },
  {
    "user_id": "user_075",
    "username": "desert_wanderer",
    "name": "Ahmed Al-Sayed",
    "email": "ahmed.a@example.com", 
    "phone": "+20-555-567-8901",
    "address": "567 Pyramid Road",
    "country": "Egypt",
    "city": "Cairo",
    "zipcode": "11511"
  },
  {
    "user_id": "user_076",
    "username": "fjord_lover",
    "name": "Erik Hansen",
    "email": "erik.h@example.com",
    "phone": "+47-555-678-9012",
    "address": "678 Fjord View",
    "country": "Norway", 
    "city": "Bergen",
    "zipcode": "5003"
  },
  {
    "user_id": "user_077",
    "username": "tango_dancer",
    "name": "Isabella Rodriguez",
    "email": "isabella.r@example.com",
    "phone": "+54-555-789-0123",
    "address": "789 Tango Street",
    "country": "Argentina",
    "city": "Buenos Aires",
    "zipcode": "C1001"
  },
  {
    "user_id": "user_078",
    "username": "safari_guide",
    "name": "Daniel Okafor",
    "email": "daniel.o@example.com",
    "phone": "+254-555-890-1234",
    "address": "890 Safari Drive",
    "country": "Kenya",
    "city": "Nairobi",
    "zipcode": "00100"
  },
  {
    "user_id": "user_079",
    "username": "canal_cruiser",
    "name": "Sophie de Vries",
    "email": "sophie.d@example.com",
    "phone": "+31-555-901-2345",
    "address": "901 Canal Ring",
    "country": "Netherlands",
    "city": "Amsterdam",
    "zipcode": "1012"
  },
  {
    "user_id": "user_080",
    "username": "wine_taster",
    "name": "Pierre Dubois",
    "email": "pierre.d@example.com",
    "phone": "+33-555-012-3456",
    "address": "012 Vineyard Lane",
    "country": "France",
    "city": "Bordeaux",
    "zipcode": "33000"
  }
]
